route_id,vehicle_type,start,finish,stops,load_weight_kg,load_volume_m3,distance_km,energy_amount,energy_unit,emissions_kg,fixed_cost,energy_cost,carbon_cost,waiting_cost,late_cost,total_cost
EV-3000-001,EV-3000,09:50,12:12,2,3000.0,8.207269,45.577652,18.645671,kWh,9.341481,400.0,30.58,6.07,0.0,0.0,436.65
EV-3000-002,EV-3000,09:00,13:54,4,3000.0,9.019023,115.804182,44.60128,kWh,22.345241,400.0,73.15,14.52,9.54,0.0,497.21
EV-3000-003,EV-3000,10:00,11:22,1,3000.0,7.878842,36.748183,14.549818,kWh,7.289459,400.0,23.86,4.74,0.0,0.0,428.6
EV-3000-004,EV-3000,10:00,11:22,1,3000.0,7.878842,36.748183,14.549818,kWh,7.289459,400.0,23.86,4.74,0.0,0.0,428.6
EV-3000-005,EV-3000,10:00,13:58,3,3000.0,8.388003,87.890164,35.958656,kWh,18.015287,400.0,58.97,11.71,0.0,0.0,470.68
EV-3000-006,EV-3000,09:40,13:23,2,3000.0,10.39363,90.422454,36.855625,kWh,18.464668,400.0,60.44,12.0,0.0,0.0,472.45
EV-3000-007,EV-3000,09:00,13:32,2,3000.0,9.260571,126.767888,48.77407,kWh,24.435809,400.0,79.99,15.88,0.0,0.0,495.87
EV-3000-008,EV-3000,09:50,13:22,2,3000.0,7.967884,78.772938,31.632504,kWh,15.847884,400.0,51.88,10.3,0.0,0.0,462.18
EV-3000-009,EV-3000,08:50,13:26,2,3000.0,9.26642,133.396069,56.251794,kWh,28.182149,400.0,92.25,18.32,0.0,0.0,510.57
EV-3000-010,EV-3000,10:30,13:23,1,3000.0,9.174782,66.054897,26.357947,kWh,13.205332,400.0,43.23,8.58,0.0,0.0,451.81
FUEL-3000-001,FUEL-3000,10:30,13:23,1,3000.0,9.174782,66.054897,20.805049,L,52.990461,400.0,158.33,34.44,0.0,0.0,592.77
FUEL-3000-002,FUEL-3000,10:00,14:04,3,3000.0,9.018277,92.382795,28.662038,L,73.002212,400.0,218.12,47.45,0.34,0.87,666.78
FUEL-3000-003,FUEL-3000,09:10,13:25,1,3000.0,7.113609,125.136366,38.841511,L,98.92933,400.0,295.58,64.3,0.0,0.0,759.89
FUEL-3000-004,FUEL-3000,09:10,13:25,1,3000.0,7.113609,125.136366,38.841511,L,98.92933,400.0,295.58,64.3,0.0,0.0,759.89
FUEL-3000-005,FUEL-3000,09:30,14:05,3,3000.0,7.886724,118.540206,38.278717,L,97.495891,400.0,291.3,63.37,0.0,3.06,757.73
FUEL-3000-006,FUEL-3000,08:50,14:05,3,3000.0,9.503672,166.175398,50.781405,L,129.340239,400.0,386.45,84.07,0.0,0.0,870.52
FUEL-3000-007,FUEL-3000,09:10,14:21,2,3000.0,8.639473,173.543991,52.964537,L,134.900676,400.0,403.06,87.69,0.0,0.0,890.75
FUEL-3000-008,FUEL-3000,10:40,14:49,2,3000.0,7.632699,122.957451,37.341469,L,95.108722,400.0,284.17,61.82,0.0,0.0,745.99
FUEL-3000-009,FUEL-3000,09:40,14:17,2,3000.0,9.762964,134.49948,41.654649,L,106.094392,400.0,316.99,68.96,0.0,0.0,785.95
FUEL-3000-010,FUEL-3000,10:40,14:46,2,3000.0,7.331357,118.152947,36.191045,L,92.178592,400.0,275.41,59.92,0.0,0.0,735.33
FUEL-3000-011,FUEL-3000,10:20,17:17,5,3000.0,7.940029,154.82998,50.23661,L,127.952645,400.0,382.3,83.17,7.23,1.55,874.25
FUEL-3000-012,FUEL-3000,13:00,14:27,2,3000.0,9.051709,42.918245,12.647884,L,32.21416,400.0,96.25,20.94,0.0,0.0,517.19
FUEL-3000-013,FUEL-3000,09:30,14:18,1,3000.0,7.890967,164.154553,50.709588,L,129.157321,400.0,385.9,83.95,0.0,0.0,869.85
FUEL-3000-014,FUEL-3000,09:30,14:18,1,3000.0,7.890967,164.154553,50.709588,L,129.157321,400.0,385.9,83.95,0.0,0.0,869.85
FUEL-3000-015,FUEL-3000,09:30,14:46,2,3000.0,7.567808,171.065963,54.279897,L,138.250899,400.0,413.07,89.86,0.0,0.0,902.93
FUEL-3000-016,FUEL-3000,11:20,15:02,1,3000.0,9.226733,113.846993,35.445973,L,90.280892,400.0,269.74,58.68,0.0,0.0,728.43
FUEL-3000-017,FUEL-3000,10:10,15:57,3,3000.0,9.124545,165.974905,49.125241,L,125.121988,400.0,373.84,81.33,0.0,0.0,855.17
FUEL-3000-018,FUEL-3000,14:30,17:19,3,3000.0,7.728609,74.169883,21.697526,L,55.263599,400.0,165.12,35.92,0.0,0.0,601.04
FUEL-3000-019,FUEL-3000,13:00,17:01,2,3000.0,7.523143,145.308654,43.677376,L,111.246276,400.0,332.38,72.31,0.0,0.0,804.69
FUEL-3000-020,FUEL-3000,10:10,15:34,2,3000.0,8.481589,168.853962,49.725345,L,126.650454,400.0,378.41,82.32,4.69,0.0,865.42
FUEL-3000-021,FUEL-3000,08:10,16:33,3,3000.0,7.277693,197.219421,62.783383,L,159.909278,400.0,477.78,103.94,32.63,14.5,1028.85
FUEL-3000-022,FUEL-3000,11:00,15:58,2,3000.0,8.255446,140.175051,43.715985,L,111.344614,400.0,332.68,72.37,0.0,0.0,805.05
FUEL-3000-023,FUEL-3000,08:50,15:14,1,3000.0,8.652019,240.481206,74.15046,L,188.861222,400.0,564.29,122.76,0.0,0.0,1087.04
FUEL-3000-024,FUEL-3000,08:50,16:55,2,3000.0,8.522633,220.304791,69.42385,L,176.822545,400.0,528.32,114.93,22.03,0.0,1065.28
FUEL-3000-025,FUEL-3000,11:20,16:28,2,3000.0,8.220174,145.979927,45.054912,L,114.754862,400.0,342.87,74.59,0.0,0.12,817.58
FUEL-3000-026,FUEL-3000,14:10,15:54,1,3000.0,7.677194,60.313583,18.462587,L,47.024209,400.0,140.5,30.57,0.0,0.0,571.07
FUEL-3000-027,FUEL-3000,14:10,15:54,1,3000.0,7.677194,60.313583,18.462587,L,47.024209,400.0,140.5,30.57,0.0,0.0,571.07
FUEL-3000-028,FUEL-3000,14:30,17:33,2,3000.0,9.148919,105.528409,32.711197,L,83.31542,400.0,248.93,54.16,0.0,0.0,703.09
FUEL-3000-029,FUEL-3000,12:50,17:26,3,3000.0,8.105568,164.144098,50.573432,L,128.810532,400.0,384.86,83.73,0.0,0.1,868.69
FUEL-3000-030,FUEL-3000,13:20,15:39,1,3000.0,7.286971,96.948158,29.532782,L,75.219997,400.0,224.74,48.89,0.0,0.0,673.64
FUEL-3000-031,FUEL-3000,13:20,15:39,1,3000.0,7.286971,96.948158,29.532782,L,75.219997,400.0,224.74,48.89,0.0,0.0,673.64
FUEL-3000-032,FUEL-3000,14:00,17:14,2,3000.0,7.427622,112.718217,33.705796,L,85.848663,400.0,256.5,55.8,0.0,0.0,712.3
FUEL-3000-033,FUEL-3000,13:20,17:29,2,3000.0,9.910553,159.317758,46.72889,L,119.018483,400.0,355.61,77.36,0.0,0.0,832.97
FUEL-3000-034,FUEL-3000,13:30,17:22,1,3000.0,7.528245,160.903812,49.141068,L,125.1623,400.0,373.96,81.36,0.0,0.0,855.32
FUEL-3000-035,FUEL-3000,13:10,17:29,3,3000.0,7.870816,156.018071,47.500987,L,120.985015,400.0,361.48,78.64,0.24,0.0,840.36
FUEL-3000-036,FUEL-3000,13:10,17:38,1,3000.0,7.458961,194.169364,59.235726,L,150.873394,400.0,450.78,98.07,0.0,0.0,948.85
FUEL-3000-037,FUEL-3000,13:00,18:25,3,3000.0,7.62505,219.18045,68.011785,L,173.226015,400.0,517.57,112.6,0.0,0.22,1030.38
FUEL-3000-038,FUEL-3000,15:20,17:41,1,3000.0,9.524279,84.711666,26.055295,L,66.362836,400.0,198.28,43.14,0.0,0.0,641.42
FUEL-3000-039,FUEL-3000,15:20,18:00,2,3000.0,8.150405,84.836602,26.461715,L,67.397989,400.0,201.37,43.81,0.0,0.0,645.18
FUEL-3000-040,FUEL-3000,14:10,17:31,2,3000.0,9.059009,121.383202,37.050912,L,94.368674,400.0,281.96,61.34,0.08,0.0,743.38
FUEL-3000-041,FUEL-3000,16:40,18:25,1,3000.0,6.860264,71.557345,21.794614,L,55.510881,400.0,165.86,36.08,0.0,0.0,601.94
FUEL-3000-042,FUEL-3000,16:40,18:25,1,3000.0,6.860264,71.557345,21.794614,L,55.510881,400.0,165.86,36.08,0.0,0.0,601.94
FUEL-3000-043,FUEL-3000,16:00,18:23,2,3000.0,6.556489,74.82366,23.118373,L,58.882496,400.0,175.93,38.27,0.0,0.0,614.2
FUEL-3000-044,FUEL-3000,16:20,18:29,1,3000.0,6.804936,86.874538,26.533881,L,67.581794,400.0,201.92,43.93,0.0,0.0,645.85
FUEL-3000-045,FUEL-3000,16:20,18:29,1,3000.0,6.804936,86.874538,26.533881,L,67.581794,400.0,201.92,43.93,0.0,0.0,645.85
FUEL-3000-046,FUEL-3000,14:50,18:18,3,3000.0,7.751077,109.944072,33.253077,L,84.695586,400.0,253.06,55.05,0.0,0.0,708.11
FUEL-3000-047,FUEL-3000,16:00,18:24,1,3000.0,8.20587,94.35974,28.898024,L,73.603266,400.0,219.91,47.84,0.0,0.0,667.76
FUEL-3000-048,FUEL-3000,16:00,18:24,1,3000.0,8.20587,94.35974,28.898024,L,73.603266,400.0,219.91,47.84,0.0,0.0,667.76
FUEL-3000-049,FUEL-3000,16:00,18:59,2,3000.0,7.726954,107.807393,32.851868,L,83.673708,400.0,250.0,54.39,0.0,0.0,704.39
FUEL-3000-050,FUEL-3000,15:50,18:52,2,3000.0,6.708249,111.938472,33.870906,L,86.269197,400.0,257.76,56.07,0.0,0.0,713.83
FUEL-3000-051,FUEL-3000,13:30,17:39,1,3000.0,7.651341,178.175546,54.383761,L,138.51544,400.0,413.86,90.04,0.0,0.0,903.9
FUEL-3000-052,FUEL-3000,14:10,19:09,4,3000.0,8.00173,170.015239,53.372712,L,135.940297,400.0,406.17,88.36,0.0,0.0,894.53
FUEL-3000-053,FUEL-3000,17:00,19:18,2,3000.0,7.964843,89.9924,26.77474,L,68.195263,400.0,203.76,44.33,0.0,0.0,648.08
FUEL-3000-054,FUEL-3000,16:40,19:41,3,3000.0,8.923342,104.986268,33.015205,L,84.089727,400.0,251.25,54.66,0.0,0.0,705.9
FUEL-3000-055,FUEL-3000,16:40,19:01,1,3000.0,6.842647,105.2171,32.002246,L,81.509721,400.0,243.54,52.98,0.0,0.0,696.52
FUEL-3000-056,FUEL-3000,16:00,19:37,3,3000.0,7.450825,124.923175,37.676238,L,95.961378,400.0,286.72,62.37,0.0,0.0,749.09
FUEL-3000-057,FUEL-3000,17:00,19:01,1,3000.0,7.660308,92.7278,28.120564,L,71.623077,400.0,214.0,46.55,0.0,0.0,660.55
FUEL-3000-058,FUEL-3000,17:00,19:12,2,3000.0,7.98475,84.385647,27.361056,L,69.688609,400.0,208.22,45.3,0.0,0.0,653.52
FUEL-3000-059,FUEL-3000,17:40,18:45,1,3000.0,8.081198,41.427245,12.563196,L,31.998459,400.0,95.61,20.8,0.0,0.0,516.4
FUEL-3000-060,FUEL-3000,17:40,21:20,4,3000.0,8.382356,129.196735,36.968909,L,94.15981,400.0,281.33,61.2,0.0,0.0,742.54
FUEL-1500-001,FUEL-1500,14:10,19:18,2,1500.0,4.229061,211.325957,64.606898,L,164.553769,400.0,491.66,106.96,1.58,0.0,1000.2
FUEL-1500-002,FUEL-1500,17:00,19:42,2,1500.0,3.998658,112.479823,33.196516,L,84.551526,400.0,252.63,54.96,0.0,0.0,707.58
FUEL-1500-003,FUEL-1500,14:30,19:27,2,1500.0,3.826565,180.743628,57.730045,L,147.038424,400.0,439.33,95.57,5.79,0.0,940.69
FUEL-1500-004,FUEL-1500,17:00,19:53,2,1500.0,3.523489,122.710639,37.719608,L,96.07184,400.0,287.05,62.45,0.0,0.0,749.49
FUEL-1500-005,FUEL-1500,18:40,19:36,1,1500.0,4.315533,33.060607,10.025935,L,25.536057,400.0,76.3,16.6,0.0,0.0,492.9
FUEL-1500-006,FUEL-1500,18:40,20:51,2,1500.0,4.292316,83.679855,23.139239,L,58.935642,400.0,176.09,38.31,0.0,0.0,614.4
FUEL-1500-007,FUEL-1500,17:00,19:18,1,1500.0,4.431605,108.888311,33.021389,L,84.105477,400.0,251.29,54.67,0.0,0.0,705.96
FUEL-1500-008,FUEL-1500,17:00,20:10,2,1500.0,4.301121,137.856102,40.703536,L,103.671907,400.0,309.75,67.39,0.0,0.0,777.14
FUEL-1500-009,FUEL-1500,17:00,19:43,1,1500.0,3.79791,132.086612,40.056488,L,102.023875,400.0,304.83,66.32,0.0,0.0,771.15
FUEL-1500-010,FUEL-1500,17:00,19:43,1,1500.0,3.79791,132.086612,40.056488,L,102.023875,400.0,304.83,66.32,0.0,0.0,771.15
FUEL-1500-011,FUEL-1500,17:00,19:43,1,1500.0,3.79791,132.086612,40.056488,L,102.023875,400.0,304.83,66.32,0.0,0.0,771.15
FUEL-1500-012,FUEL-1500,17:00,19:43,1,1500.0,3.79791,132.086612,40.056488,L,102.023875,400.0,304.83,66.32,0.0,0.0,771.15
FUEL-1500-013,FUEL-1500,17:00,19:43,1,1500.0,3.79791,132.086612,40.056488,L,102.023875,400.0,304.83,66.32,0.0,0.0,771.15
FUEL-1500-014,FUEL-1500,17:00,19:43,1,1500.0,3.79791,132.086612,40.056488,L,102.023875,400.0,304.83,66.32,0.0,0.0,771.15
FUEL-1500-015,FUEL-1500,17:00,19:43,1,1500.0,3.79791,132.086612,40.056488,L,102.023875,400.0,304.83,66.32,0.0,0.0,771.15
FUEL-1500-016,FUEL-1500,17:40,21:04,2,1500.0,4.88206,151.003462,45.84627,L,116.770449,400.0,348.89,75.9,0.0,0.0,824.79
FUEL-1500-017,FUEL-1500,17:00,20:49,1,1500.0,3.960563,192.210952,58.289751,L,148.463996,400.0,443.59,96.5,0.0,0.23,940.31
FUEL-1500-018,FUEL-1500,17:00,20:49,1,1500.0,3.960563,192.210952,58.289751,L,148.463996,400.0,443.59,96.5,0.0,0.23,940.31
FUEL-1500-019,FUEL-1500,17:00,20:49,1,1500.0,3.960563,192.210952,58.289751,L,148.463996,400.0,443.59,96.5,0.0,0.23,940.31
FUEL-1500-020,FUEL-1500,17:00,20:49,1,1500.0,3.960563,192.210952,58.289751,L,148.463996,400.0,443.59,96.5,0.0,0.23,940.31
FUEL-1500-021,FUEL-1500,16:40,20:52,2,1500.0,3.577302,188.781198,58.844203,L,149.876186,400.0,447.8,97.42,0.0,0.0,945.22
FUEL-1500-022,FUEL-1500,17:40,19:50,1,1500.0,3.526554,101.777021,30.864824,L,78.612707,400.0,234.88,51.1,0.0,0.0,685.98
FUEL-1500-023,FUEL-1500,17:40,19:50,1,1500.0,3.526554,101.777021,30.864824,L,78.612707,400.0,234.88,51.1,0.0,0.0,685.98
FUEL-1500-024,FUEL-1500,17:40,19:50,1,1500.0,3.526554,101.777021,30.864824,L,78.612707,400.0,234.88,51.1,0.0,0.0,685.98
FUEL-1500-025,FUEL-1500,17:40,19:50,1,1500.0,3.526554,101.777021,30.864824,L,78.612707,400.0,234.88,51.1,0.0,0.0,685.98
FUEL-1500-026,FUEL-1500,17:50,20:26,2,1500.0,4.009649,107.045914,33.383166,L,85.026925,400.0,254.05,55.27,0.0,0.0,709.31
FUEL-1500-027,FUEL-1500,17:00,20:10,1,1500.0,3.543899,156.807991,47.553475,L,121.118702,400.0,361.88,78.73,0.0,0.0,840.61
FUEL-1500-028,FUEL-1500,17:00,21:33,2,1500.0,3.803955,214.541286,63.674217,L,162.178231,400.0,484.56,105.42,0.0,0.0,989.98
FUEL-1500-029,FUEL-1500,18:00,20:11,1,1500.0,4.626107,101.908284,30.904631,L,78.714094,400.0,235.18,51.16,0.0,0.0,686.35
FUEL-1500-030,FUEL-1500,18:10,21:03,2,1500.0,4.558166,122.701139,36.234016,L,92.288038,400.0,275.74,59.99,0.0,0.0,735.73
FUEL-1500-031,FUEL-1500,18:30,21:08,2,1500.0,4.080434,108.721415,32.031677,L,81.584682,400.0,243.76,53.03,0.0,0.0,696.79
FUEL-1500-032,FUEL-1500,19:00,21:26,2,1500.0,4.005391,97.443038,28.364454,L,72.244265,400.0,215.85,46.96,0.0,0.0,662.81
FUEL-1500-033,FUEL-1500,18:20,20:26,1,1500.0,4.299676,97.752715,29.644416,L,75.504328,400.0,225.59,49.08,0.0,0.0,674.67
FUEL-1500-034,FUEL-1500,18:20,20:26,1,1500.0,4.299676,97.752715,29.644416,L,75.504328,400.0,225.59,49.08,0.0,0.0,674.67
FUEL-1500-035,FUEL-1500,18:20,20:26,1,1500.0,4.299676,97.752715,29.644416,L,75.504328,400.0,225.59,49.08,0.0,0.0,674.67
FUEL-1500-036,FUEL-1500,18:20,20:26,1,1500.0,4.299676,97.752715,29.644416,L,75.504328,400.0,225.59,49.08,0.0,0.0,674.67
FUEL-1500-037,FUEL-1500,18:20,20:26,1,1500.0,4.299676,97.752715,29.644416,L,75.504328,400.0,225.59,49.08,0.0,0.0,674.67
FUEL-1500-038,FUEL-1500,18:20,21:23,2,1500.0,4.379564,131.999369,38.410169,L,97.830701,400.0,292.3,63.59,0.0,0.0,755.89
FUEL-1500-039,FUEL-1500,18:50,21:13,2,1500.0,5.287393,95.070359,28.525395,L,72.654182,400.0,217.08,47.23,0.0,0.0,664.3
FUEL-1500-040,FUEL-1500,18:50,20:57,1,1500.0,5.807532,98.277301,29.803502,L,75.909519,400.0,226.8,49.34,0.0,0.0,676.15
FUEL-1500-041,FUEL-1500,18:50,21:58,2,1500.0,5.494526,136.391452,39.663563,L,101.023094,400.0,301.84,65.67,0.0,0.0,767.5
FUEL-1500-042,FUEL-1500,18:30,21:03,1,1500.0,3.665738,122.603815,37.180742,L,94.699351,400.0,282.95,61.55,0.0,0.0,744.5
FUEL-1500-043,FUEL-1500,18:30,22:18,2,1500.0,3.719601,173.147105,52.122606,L,132.756277,400.0,396.65,86.29,0.0,0.0,882.94
FUEL-1500-044,FUEL-1500,18:20,21:51,2,1500.0,4.862664,157.940907,47.541372,L,121.087876,400.0,361.79,78.71,0.0,0.0,840.5
FUEL-1500-045,FUEL-1500,17:20,21:48,2,1500.0,4.123102,210.373996,67.295895,L,171.402644,400.0,512.12,111.41,0.0,0.0,1023.53
FUEL-1500-046,FUEL-1500,17:00,22:08,3,1500.0,3.965571,228.472799,71.351646,L,181.732643,400.0,542.99,118.13,0.0,0.0,1061.11
FUEL-1500-047,FUEL-1500,18:40,22:20,2,1500.0,3.902116,165.913789,50.288324,L,128.084361,400.0,382.69,83.25,0.0,0.0,865.95
FUEL-1500-048,FUEL-1500,19:00,21:53,1,1500.0,4.07453,140.982486,42.754244,L,108.895061,400.0,325.36,70.78,0.0,0.0,796.14
FUEL-1500-049,FUEL-1500,19:00,21:53,1,1500.0,4.07453,140.982486,42.754244,L,108.895061,400.0,325.36,70.78,0.0,0.0,796.14
FUEL-1500-050,FUEL-1500,19:00,21:53,1,1500.0,4.07453,140.982486,42.754244,L,108.895061,400.0,325.36,70.78,0.0,0.0,796.14
EV-1250-001,EV-1250,19:00,21:53,1,554.98632,1.507539,140.982486,51.408229,kWh,25.755523,400.0,84.31,16.74,0.0,0.0,501.05
